{
  "products": [
    {
      "id": "1",
      "name": " Laptop LG Gram 2023 14ZD90R-G.AX52A5",
      "description": "Intel core i5-1340P, Ram 8GB, SSD 256GB, Màn Hình 14 inch WUXGA, Siêu mỏng, siêu nhẹ",
      "price": "25.990.000",
      "currentPrice": "20.990.000",
      "image": "laptop1.png"
    },
    {
      "id": "2",
      "name": "Laptop ACER Aspire 3 A315-59-51X8",
      "description": "Intel Core i5-1235U, Ram 8GB, SSD 512GB, màn hình 15.6 inch FHD, Win 11 bản quyền, màu bạc, chính hãng, bảo hành 12 tháng",
      "price": "17.990.000",
      "currentPrice": "11.990.000",
      "image": "laptop2.jpg"
    },
    {
      "id": "3",
      "name": "Laptop Dell Vostro 5630 i5P085W11GRU",
      "description": "Intel i5-1340P, Ram 8GB DDR5, SSD 512GB, Màn Hình 16 Inch FHD+, VGA Intel Iris Xe, Windows 11 Home, Office HS 2021 bản quyền, vỏ nhôm",
      "price": "23.190.000",
      "currentPrice": "19.990.000",
      "image": "laptop3.png"
    },
    {
      "id": "4",
      "name": "Laptop MSI Katana 15 B13VEK-252VN",
      "description": "i7-13620H, Ram 8GB, SSD 512GB, màn hình 15.6inch FHD 144Hz, VGA 4050 6GB, Win 11 bản quyền, bảo hành 24 tháng.",
      "price": "24.990.000",
      "currentPrice": "22.990.000",
      "image": "laptop4.png"
    },
    {
      "id": "5",
      "name": "Laptop ASUS TUF Gaming F15 FX507ZC4-HN099W",
      "description": "i7-12700H, Ram 8GB, SSD 512GB, RTX 3050 4GB, Màn hình 15.6 FHD 144Hz IPS, Win 11, Hàng chính hãng, Bảo hành 24 tháng.",
      "price": "26.990.000",
      "currentPrice": "23.490.000",
      "image": "laptop5.jpg"
    },
    {
      "id": "6",
      "name": "LAPTOP ASUS VIVOBOOK A1505VA-L1114W",
      "description": "Core i5 13500H, Ram 16GB, 512GB SSD, màn hình 15.6inch FHD OLED, Windows 11 Home bản quyền, màu đen.",
      "price": "20.990.000",
      "currentPrice": "17.190.000",
      "image": "laptop6.png"
    },
    {
      "id": "7",
      "name": "Laptop Acer Predator Helios Neo PHN16-71-7460",
      "description": "Intel i7-13700HX, RAM 8GB, SSD 512GB, RTX 4050 6GB, Màn Hình 16inch QHD 165Hz 100% sRGB, Windows 11",
      "price": "38.990.000",
      "currentPrice": "38.490.000",
      "image": "laptop7.jpg"
    },
    {
      "id": "8",
      "name": "Laptop MSI Modern 14 C7M 220VN",
      "description": "AMD R5 7530U, Ram 8GB, SSD 512GB, Màn Hình 14.0inch FHD IPS, Windows 11, Đen",
      "price": "12.990.000",
      "currentPrice": "10.990.000",
      "image": "laptop8.jpg"
    },
    {
      "id": "9",
      "name": "Laptop Gaming Acer Nitro 5 Tiger AN515-58-773Y",
      "description": "i7-12700H, Ram 8GB, SSD 512GB, RTX 3050Ti 4GB, 15.6 inch FHD, Windows 11",
      "price": "31.990.000",
      "currentPrice": "25.490.000",
      "image": "laptop9.png"
    },
    {
      "id": "10",
      "name": "Laptop Acer Swift 3 SF314-512-56QN",
      "description": "Core i5-1240P, Ram 16GB, SSD 512GB, màn hình 14 inch QHD IPS, Win 11bản quyền, màu bạc",
      "price": "21.990.000",
      "currentPrice": "17.490.000",
      "image": "laptop10.png"
    }
  ]
}